資料所屬年度,政府別,公共債務法規範之債務_1年以上債務_金額_新臺幣百萬元,公共債務法規範之債務_1年以上債務_比率_百分比,公共債務法規範之債務_未滿1年債務_金額_新臺幣百萬元,公共債務法規範之債務_未滿1年債務_比率_百分比,公共債務法規範之債務_債務合計_金額_新臺幣百萬元,公共債務法規範之債務_自償性債務_新臺幣百萬元
114,合計,6769635,28.145900%,107325,-,6876960,731565
114,中央政府,6073045,25.249700%,70000,1.99%,6143045,268299
114,地方政府,696590,2.896200%,37325,2.08%,733916,463266
114,直轄市,613588,2.551100%,17008,1.51%,630596,443767
114,臺北市,116913,0.486100%,0,0.00%,116913,66598
114,高雄市,224317,0.932600%,0,0.00%,224317,86283
114,新北市,95900,0.398700%,7500,3.37%,103400,147575
114,臺中市,109658,0.455900%,1839,0.96%,111497,33870
114,臺南市,39800,0.165500%,0,0.00%,39800,9940
114,桃園市,27000,0.112300%,7669,4.49%,34669,99501
114,縣市,83002,0.345100%,20317,3.62%,103319,19156
114,宜蘭縣,10829,28.87%,3505,10.50%,14334,6417
114,新竹縣,7100,14.53%,2081,5.06%,9181,134
114,苗栗縣,19578,43.22%,13045,38.97%,32624,4019
114,彰化縣,2003,2.43%,1686,2.34%,3689,400
114,南投縣,0,0.00%,0,0.00%,0,0
114,雲林縣,12615,19.72%,0,0.00%,12615,2249
114,嘉義縣,8420,14.70%,0,0.00%,8420,75
114,屏東縣,8600,11.24%,0,0.00%,8600,1500
114,臺東縣,0,0.00%,0,0.00%,0,564
114,花蓮縣,6620,16.28%,0,0.00%,6620,0
114,澎湖縣,0,0.00%,0,0.00%,0,466
114,基隆市,4000,12.44%,0,0.00%,4000,198
114,新竹市,3237,9.80%,0,0.00%,3237,658
114,嘉義市,0,0.00%,0,0.00%,0,1696
114,金門縣,0,0.00%,0,0.00%,0,0
114,連江縣,0,0.00%,0,0.00%,0,779
114,鄉鎮市,0,0.000000%,0,0.00%,0,343
113,合計,6891308,30.317200%,72626,-,6963934,688695
113,中央政府,6147987,27.047100%,30000,0.96%,6177987,256254
113,地方政府,743322,3.270100%,42626,2.57%,785947,432441
113,直轄市,642193,2.825200%,20475,1.97%,662668,412342
113,臺北市,135625,0.596700%,0,0.00%,135625,63529
113,高雄市,229167,1.008200%,0,0.00%,229167,76821
113,新北市,94000,0.413500%,10000,4.71%,104000,135586
113,臺中市,110872,0.487800%,4475,2.53%,115347,43500
113,臺南市,44400,0.195300%,0,0.00%,44400,1432
113,桃園市,28130,0.123800%,6000,3.83%,34130,91473
113,縣市,101128,0.444900%,22151,4.26%,123279,19814
113,宜蘭縣,10942,30.98%,7005,22.66%,17947,6653
113,新竹縣,5300,12.51%,1000,2.82%,6300,145
113,苗栗縣,20610,47.70%,14145,44.76%,34755,5332
113,彰化縣,9705,12.97%,0,0.00%,9705,397
113,南投縣,3019,6.61%,0,0.00%,3019,0
113,雲林縣,13805,22.79%,0,0.00%,13805,1952
113,嘉義縣,8950,18.13%,0,0.00%,8950,125
113,屏東縣,11000,15.15%,0,0.00%,11000,2039
113,臺東縣,0,0.00%,0,0.00%,0,555
113,花蓮縣,7350,20.04%,0,0.00%,7350,0
113,澎湖縣,0,0.00%,0,0.00%,0,466
113,基隆市,5000,16.14%,0,0.00%,5000,130
113,新竹市,5447,17.37%,0,0.00%,5447,649
113,嘉義市,0,0.00%,0,0.00%,0,1191
113,金門縣,0,0.00%,0,0.00%,0,0
113,連江縣,0,0.00%,0,0.00%,0,179
113,鄉鎮市,0,0.000000%,0,0.00%,0,286
112,合計,6847816,31.792400%,91902,-,6939719,658378
112,中央政府,6057789,28.124500%,30000,0.94%,6087789,260378
112,地方政府,790028,3.667900%,61902,3.97%,851930,398000
112,直轄市,670833,3.114500%,32812,3.33%,703645,377672
112,臺北市,145141,0.673800%,0,0.00%,145141,61104
112,高雄市,238728,1.108300%,0,0.00%,238728,61359
112,新北市,100896,0.468400%,17100,8.65%,117996,128334
112,臺中市,109068,0.506400%,9508,5.67%,118576,49800
112,臺南市,49400,0.229300%,0,0.00%,49400,1387
112,桃園市,27600,0.128100%,6204,4.34%,33804,75689
112,縣市,119181,0.553300%,29060,5.95%,148241,19867
112,宜蘭縣,11056,33.62%,7505,24.81%,18561,6755
112,新竹縣,5800,13.59%,1488,4.27%,7288,156
112,苗栗縣,20841,50.95%,14559,48.12%,35401,5370
112,彰化縣,12607,17.99%,3061,4.99%,15667,397
112,南投縣,6351,17.45%,0,0.00%,6351,0
112,雲林縣,15375,26.13%,441,0.97%,15816,1402
112,嘉義縣,10350,21.97%,0,0.00%,10350,164
112,屏東縣,14000,20.67%,0,0.00%,14000,1945
112,臺東縣,1953,7.02%,0,0.00%,1953,667
112,花蓮縣,7450,22.65%,1200,4.14%,8650,0
112,澎湖縣,0,0.00%,806,5.82%,806,466
112,基隆市,5941,21.74%,0,0.00%,5941,0
112,新竹市,7457,25.10%,0,0.00%,7457,650
112,嘉義市,0,0.00%,0,0.00%,0,722
112,金門縣,0,0.00%,0,0.00%,0,0
112,連江縣,0,0.00%,0,0.00%,0,1173
112,鄉鎮市,14,0.000100%,30,0.03%,44,461
111,合計,6727443,33.210400%,114729,-,6842172,595507
111,中央政府,5920494,29.226800%,30000,1.23%,5950494,237802
111,地方政府,806950,3.983600%,84729,5.75%,891678,357705
111,直轄市,675251,3.333400%,45725,4.92%,720976,338483
111,臺北市,154355,0.762000%,0,0.00%,154355,56382
111,高雄市,238728,1.178500%,0,0.00%,238728,51245
111,新北市,103200,0.509500%,22000,11.80%,125200,116846
111,臺中市,109068,0.538400%,9968,6.13%,119036,45485
111,臺南市,50400,0.248800%,500,0.49%,50900,1502
111,桃園市,19500,0.096300%,13258,9.40%,32758,67023
111,縣市,131654,0.649900%,38909,8.55%,170564,18688
111,宜蘭縣,11174,37.08%,7817,28.20%,18991,6693
111,新竹縣,6800,16.93%,1191,3.68%,7991,167
111,苗栗縣,21128,56.95%,15040,55.68%,36168,5511
111,彰化縣,13867,20.68%,5526,9.32%,19392,394
111,南投縣,9176,24.96%,0,0.00%,9176,0
111,雲林縣,16287,29.74%,2223,5.64%,18511,89
111,嘉義縣,11050,23.96%,1700,5.09%,12750,502
111,屏東縣,16000,25.06%,0,0.00%,16000,1739
111,臺東縣,2577,9.55%,400,1.75%,2977,884
111,花蓮縣,7750,24.53%,2420,8.82%,10170,0
111,澎湖縣,925,6.09%,792,6.00%,1717,466
111,基隆市,6704,25.59%,0,0.00%,6704,0
111,新竹市,8217,29.12%,1800,7.03%,10017,800
111,嘉義市,0,0.00%,0,0.00%,0,520
111,金門縣,0,0.00%,0,0.00%,0,0
111,連江縣,0,0.00%,0,0.00%,0,923
111,鄉鎮市,44,0.000200%,94,0.11%,138,534
110,合計,6550430,34.225000%,210512,-,6760943,516448
110,中央政府,5708896,29.828100%,115000,4.17%,5823896,210459
110,地方政府,841535,4.396900%,95512,6.71%,937047,305989
110,直轄市,702960,3.672900%,49706,5.47%,752666,284605
110,臺北市,159697,0.834400%,0,0.00%,159697,44644
110,高雄市,248751,1.299700%,0,0.00%,248751,43663
110,新北市,104000,0.543400%,28000,15.61%,132000,106743
110,臺中市,107212,0.560200%,10421,6.92%,117633,40349
110,臺南市,52800,0.275900%,2285,2.27%,55085,1446
110,桃園市,30500,0.159400%,9000,6.53%,39500,47761
110,縣市,138505,0.723700%,45712,10.57%,184217,20831
110,宜蘭縣,11288,40.13%,8503,32.71%,19791,5440
110,新竹縣,7630,20.45%,2000,6.59%,9630,189
110,苗栗縣,21373,59.28%,15722,61.30%,37095,6378
110,彰化縣,15267,25.41%,6928,13.01%,22195,193
110,南投縣,9976,28.82%,0,0.00%,9976,1464
110,雲林縣,17149,31.37%,2363,5.91%,19513,864
110,嘉義縣,12405,26.64%,2780,7.93%,15185,598
110,屏東縣,16360,27.16%,0,0.00%,16360,1728
110,臺東縣,3157,11.75%,450,2.10%,3607,1102
110,花蓮縣,7800,26.57%,3520,14.22%,11320,0
110,澎湖縣,950,6.85%,1146,8.93%,2096,457
110,基隆市,7600,28.97%,0,0.00%,7600,0
110,新竹市,7550,26.82%,2300,9.10%,9850,1578
110,嘉義市,0,0.00%,0,0.00%,0,474
110,金門縣,0,0.00%,0,0.00%,0,0
110,連江縣,0,0.00%,0,0.00%,0,367
110,鄉鎮市,70,0.000400%,94,0.11%,164,552
109,合計,6399040,34.647800%,245663,-,6644703,433365
109,中央政府,5535896,29.974200%,125000,5.04%,5660896,184926
109,地方政府,863144,4.673500%,120663,8.96%,983807,248439
109,直轄市,717247,3.883600%,69664,8.02%,786911,223710
109,臺北市,166354,0.900700%,0,0.00%,166354,36185
109,高雄市,248881,1.347600%,1000,0.68%,249881,37640
109,新北市,106000,0.573900%,32100,17.96%,138100,83204
109,臺中市,107212,0.580500%,17314,11.82%,124526,40688
109,臺南市,52800,0.285900%,6250,6.20%,59050,1813
109,桃園市,36000,0.194900%,13000,10.58%,49000,24181
109,縣市,145790,0.789400%,50925,12.72%,196714,24239
109,宜蘭縣,11403,43.32%,8988,37.38%,20391,4756
109,新竹縣,11230,31.83%,4000,13.94%,15230,93
109,苗栗縣,21604,58.64%,15908,66.46%,37512,10590
109,彰化縣,16433,29.50%,7520,15.57%,23953,193
109,南投縣,10253,30.36%,0,0.00%,10253,2771
109,雲林縣,17323,34.89%,3470,10.52%,20793,610
109,嘉義縣,12905,30.41%,2780,9.43%,15685,298
109,屏東縣,16680,29.78%,0,0.00%,16680,29
109,臺東縣,3460,12.99%,814,3.74%,4274,1223
109,花蓮縣,7900,27.31%,3770,15.25%,11670,1188
109,澎湖縣,974,7.74%,875,7.88%,1849,514
109,基隆市,7725,30.91%,0,0.00%,7725,0
109,新竹市,7900,29.83%,2800,11.90%,10700,1745
109,嘉義市,0,0.00%,0,0.00%,0,0
109,金門縣,0,0.00%,0,0.00%,0,0
109,連江縣,0,0.00%,0,0.00%,0,230
109,鄉鎮市,108,0.000600%,74,0.09%,182,489
108,合計,6187765,34.431500%,205242,-,6393008,432955
108,中央政府,5327369,29.643900%,65000,3.08%,5392369,217829
108,地方政府,860396,4.787600%,140242,10.98%,1000639,215126
108,直轄市,710989,3.956300%,84102,10.50%,795091,185053
108,臺北市,173778,0.967000%,0,0.00%,173778,31192
108,高雄市,245774,1.367600%,2000,1.50%,247774,36178
108,新北市,102400,0.569800%,34700,21.20%,137100,62360
108,臺中市,107212,0.596600%,24402,18.17%,131615,46231
108,臺南市,52825,0.293900%,7745,8.98%,60569,2475
108,桃園市,29000,0.161400%,15255,13.32%,44255,6617
108,縣市,149246,0.830500%,56066,13.99%,205312,29593
108,宜蘭縣,11521,42.47%,9293,37.21%,20814,4364
108,新竹縣,12230,37.76%,4588,17.24%,16818,3432
108,苗栗縣,21838,59.62%,16087,67.36%,37925,11028
108,彰化縣,16600,29.07%,8701,16.87%,25301,1411
108,南投縣,10514,32.51%,0,0.00%,10514,2180
108,雲林縣,17498,32.68%,4420,10.62%,21918,221
108,嘉義縣,13405,31.55%,2780,8.30%,16185,600
108,屏東縣,16890,31.84%,0,0.00%,16890,11
108,臺東縣,3625,14.12%,1400,7.32%,5025,1341
108,花蓮縣,8000,30.83%,3920,17.35%,11920,515
108,澎湖縣,1000,7.72%,303,2.70%,1303,771
108,基隆市,7825,33.56%,0,0.00%,7825,0
108,新竹市,8300,35.25%,4573,22.46%,12873,1736
108,嘉義市,0,0.00%,0,0.00%,0,1783
108,金門縣,0,0.00%,0,0.00%,0,0
108,連江縣,0,0.00%,0,0.00%,0,200
108,鄉鎮市,161,0.000900%,74,0.10%,235,481
107,合計,6231678,35.546200%,188990,-,6420668,450419
107,中央政府,5373528,30.651200%,51000,2.46%,5424528,255748
107,地方政府,858150,4.895000%,137990,10.94%,996139,194670
107,直轄市,706233,4.028400%,74905,9.29%,781138,163349
107,臺北市,180431,1.029200%,0,0.00%,180431,29379
107,高雄市,244737,1.396000%,3542,2.74%,248279,29634
107,新北市,101731,0.580300%,32000,19.75%,133731,52355
107,臺中市,102361,0.583900%,23463,16.62%,125824,46928
107,臺南市,52973,0.302200%,7329,8.64%,60302,3281
107,桃園市,24000,0.136900%,8572,7.79%,32572,1773
107,縣市,151673,0.865200%,63010,16.76%,214683,30894
107,宜蘭縣,11821,46.85%,9404,40.67%,21225,4616
107,新竹縣,12230,40.95%,4735,20.04%,16965,4312
107,苗栗縣,22069,63.04%,16171,70.83%,38240,11029
107,彰化縣,16783,33.58%,9636,21.92%,26419,1718
107,南投縣,10753,33.20%,1438,5.03%,12191,1646
107,雲林縣,17674,39.67%,5105,16.17%,22779,105
107,嘉義縣,13850,34.80%,3427,10.81%,17277,750
107,屏東縣,17390,35.56%,1000,2.39%,18390,44
107,臺東縣,3738,13.74%,1920,8.53%,5659,1158
107,花蓮縣,8020,32.34%,3950,17.28%,11970,0
107,澎湖縣,1190,9.94%,2,0.02%,1192,771
107,基隆市,7825,36.03%,1400,7.41%,9225,0
107,新竹市,8329,35.45%,4822,23.66%,13151,1880
107,嘉義市,0,0.00%,0,0.00%,0,2848
107,金門縣,0,0.00%,0,0.00%,0,0
107,連江縣,0,0.00%,0,0.00%,0,18
107,鄉鎮市,244,0.001400%,74,0.09%,318,427
106,合計,6206697,36.604400%,197996,-,6404693,448942
106,中央政府,5353029,31.569900%,43000,2.14%,5396029,264142
106,地方政府,853667,5.034600%,154996,13.04%,1008663,184801
106,直轄市,697516,4.113700%,86171,11.05%,783687,150621
106,臺北市,191620,1.130100%,0,0.00%,191620,31497
106,高雄市,241607,1.424900%,7138,5.54%,248745,30294
106,新北市,102231,0.602900%,33500,21.43%,135731,41435
106,臺中市,88086,0.519500%,31791,24.09%,119877,41402
106,臺南市,55473,0.327200%,9742,12.20%,65215,5279
106,桃園市,18500,0.109100%,4000,3.91%,22500,714
106,縣市,155789,0.918800%,68725,20.06%,224514,33821
106,宜蘭縣,12271,52.06%,9438,45.14%,21709,4770
106,新竹縣,15430,48.88%,4058,17.37%,19488,6020
106,苗栗縣,22301,67.62%,16255,74.13%,38555,11033
106,彰化縣,15220,30.58%,10888,25.16%,26108,2522
106,南投縣,11388,42.27%,2825,12.31%,14212,1285
106,雲林縣,18084,42.66%,7351,24.19%,25435,412
106,嘉義縣,14350,40.42%,4052,15.41%,18402,1584
106,屏東縣,17876,42.72%,1527,4.29%,19404,81
106,臺東縣,4002,17.53%,1972,9.62%,5974,1324
106,花蓮縣,8070,36.69%,3960,20.09%,12030,0
106,澎湖縣,1390,12.36%,221,2.43%,1611,19
106,基隆市,7877,38.54%,1500,8.42%,9377,0
106,新竹市,7500,33.69%,4678,23.39%,12178,1870
106,嘉義市,30,0.17%,0,0.00%,30,2902
106,金門縣,0,0.00%,0,0.00%,0,0
106,連江縣,0,0.00%,0,0.00%,0,0
106,鄉鎮市,362,0.002100%,100,0.15%,462,358
105,合計,6208231,38.335100%,307863,-,6516093,439249
105,中央政府,5339313,32.969700%,142950,7.18%,5482263,265494
105,地方政府,868918,5.365500%,164913,14.34%,1033830,173755
105,直轄市,708985,4.377900%,90909,12.02%,799894,134698
105,臺北市,204592,1.263300%,0,0.00%,204592,33776
105,高雄市,242607,1.498100%,9548,7.93%,252156,25998
105,新北市,103499,0.639100%,34000,21.09%,137499,35766
105,臺中市,82814,0.511400%,29840,22.21%,112655,32670
105,臺南市,55473,0.342500%,13520,17.51%,68993,6254
105,桃園市,20000,0.123500%,4000,4.22%,24000,235
105,縣市,159295,0.983600%,73894,22.23%,233189,38696
105,宜蘭縣,12621,50.86%,9531,42.39%,22152,4374
105,新竹縣,15590,45.90%,6530,25.50%,22120,6800
105,苗栗縣,22602,72.20%,16349,81.13%,38951,11033
105,彰化縣,15229,30.38%,9642,22.29%,24872,4178
105,南投縣,11595,44.35%,4472,18.99%,16067,1168
105,雲林縣,18475,46.07%,6739,22.69%,25215,1462
105,嘉義縣,14999,43.83%,4359,17.05%,19358,2625
105,屏東縣,18408,46.30%,4310,12.87%,22718,108
105,臺東縣,4421,24.43%,2449,15.30%,6871,1297
105,花蓮縣,8100,40.09%,4054,22.85%,12154,0
105,澎湖縣,1550,11.67%,133,1.44%,1683,16
105,基隆市,8078,39.65%,1600,8.85%,9678,0
105,新竹市,7510,37.12%,3724,20.13%,11234,1890
105,嘉義市,117,0.72%,0,0.00%,117,3747
105,金門縣,0,0.00%,0,0.00%,0,0
105,連江縣,0,0.00%,0,0.00%,0,0
105,鄉鎮市,637,0.003900%,110,0.18%,747,361
104,合計,6129840,39.798500%,305705,-,6435545,434920
104,中央政府,5296410,34.387400%,134000,6.89%,5430410,274574
104,地方政府,833430,5.411100%,171705,15.17%,1005134,160346
104,直轄市,668970,4.343300%,93642,12.72%,762611,118275
104,臺北市,199861,1.297600%,0,0.00%,199861,19319
104,高雄市,240610,1.562200%,15756,12.77%,256366,25966
104,新北市,85800,0.557100%,37000,23.36%,122800,43307
104,臺中市,70526,0.457900%,18386,15.19%,88912,22675
104,臺南市,54573,0.354300%,18500,24.15%,73072,7007
104,桃園市,17600,0.114300%,4000,4.36%,21600,1
104,縣市,163586,1.062100%,77918,23.09%,241504,41568
104,宜蘭縣,12971,58.04%,9662,45.46%,22633,4033
104,新竹縣,15590,45.51%,6301,24.54%,21891,6800
104,苗栗縣,22844,67.03%,16442,65.17%,39286,11537
104,彰化縣,15517,30.73%,8314,18.92%,23831,4123
104,南投縣,11741,44.81%,5339,24.12%,17081,1155
104,雲林縣,18860,48.06%,7396,25.20%,26256,1743
104,嘉義縣,15220,47.30%,5442,21.51%,20662,5188
104,屏東縣,18815,47.10%,6331,18.64%,25146,128
104,臺東縣,4681,26.64%,2847,18.36%,7528,1411
104,花蓮縣,8120,39.70%,4142,22.63%,12262,0
104,澎湖縣,1800,12.81%,406,3.80%,2206,21
104,基隆市,8829,45.03%,1600,9.29%,10429,0
104,新竹市,8210,41.32%,3694,19.74%,11904,1905
104,嘉義市,389,2.45%,0,0.00%,389,3525
104,金門縣,0,0.00%,0,0.00%,0,0
104,連江縣,0,0.00%,0,0.00%,0,0
104,鄉鎮市,874,0.005700%,145,0.25%,1019,503
103,合計,6094887,41.358000%,377192,-,6472078,451092
103,中央政府,5275644,35.798900%,190000,9.90%,5465644,300795
103,地方政府,819243,5.559100%,187192,16.10%,1006434,150297
103,直轄市,650214,4.412200%,104450,13.70%,754664,108855
103,臺北市,216999,1.472500%,0,0.00%,216999,16495
103,高雄市,232157,1.575300%,12647,9.73%,244804,25429
103,新北市,68050,0.461800%,42000,26.33%,110050,41049
103,臺中市,62010,0.420800%,22473,19.29%,84483,15553
103,臺南市,48798,0.331100%,23331,28.93%,72129,2745
103,桃園市,22200,0.150600%,4000,4.22%,26200,7583
103,縣市,167918,1.139400%,82554,24.57%,250472,40776
103,宜蘭縣,13391,63.59%,9764,50.31%,23154,3841
103,新竹縣,15590,45.87%,7200,28.10%,22790,6500
103,苗栗縣,23194,62.83%,16616,58.16%,39810,8895
103,彰化縣,15967,31.65%,7886,17.63%,23853,5455
103,南投縣,11862,40.68%,4879,20.49%,16742,0
103,雲林縣,19210,49.87%,7389,25.30%,26600,3071
103,嘉義縣,15668,48.17%,5554,23.08%,21222,5680
103,屏東縣,19022,45.38%,8861,26.71%,27882,294
103,臺東縣,4724,27.04%,2529,16.42%,7253,1542
103,花蓮縣,8140,39.75%,4272,23.36%,12412,0
103,澎湖縣,2070,16.51%,150,1.60%,2220,91
103,基隆市,9629,47.37%,2800,15.61%,12429,0
103,新竹市,8611,43.93%,4444,24.18%,13055,1954
103,嘉義市,840,5.25%,211,1.82%,1051,3453
103,金門縣,0,0.00%,0,0.00%,0,0
103,連江縣,0,0.00%,0,0.00%,0,0
103,鄉鎮市,1111,0.007500%,187,0.29%,1298,666
102,合計,5939511,40.294900%,396507,-,6336018,439671
102,中央政府,5146287,34.913500%,214550,11.20%,5360837,303331
102,地方政府,793224,5.381400%,181957,-,975181,136341
102,直轄市,607068,-,91478,13.66%,698547,80929
102,臺北市,235943,1.600700%,0,0.00%,235943,8921
102,高雄市,221644,1.503700%,13591,10.75%,235235,26595
102,新北市,48586,28.88%,40600,26.12%,89186,24273
102,臺中市,57057,38.73%,15988,13.33%,73046,13080
102,臺南市,43839,44.94%,21299,25.52%,65138,8060
102,縣市,184746,1.253400%,90294,22.89%,275039,54527
102,桃園縣,21875,32.94%,4000,6.36%,25875,6868
102,宜蘭縣,13611,61.28%,9848,47.73%,23459,1821
102,新竹縣,13990,38.88%,7065,28.24%,21055,6700
102,苗栗縣,23515,60.89%,16644,58.02%,40159,8895
102,彰化縣,13567,28.64%,10081,24.39%,23647,9399
102,南投縣,12027,40.46%,5870,23.60%,17897,0
102,雲林縣,17889,43.69%,7653,26.64%,25542,6446
102,嘉義縣,15447,43.65%,5821,23.82%,21268,7424
102,屏東縣,19081,42.27%,8628,26.25%,27710,310
102,臺東縣,4380,24.87%,3082,20.20%,7462,1652
102,花蓮縣,8160,40.58%,4246,23.39%,12406,0
102,澎湖縣,2070,18.29%,105,1.05%,2175,0
102,基隆市,8833,44.25%,2900,16.95%,11733,0
102,新竹市,8966,45.17%,3750,20.76%,12716,2023
102,嘉義市,1335,7.93%,600,5.07%,1935,2988
102,金門縣,0,0.00%,0,0.00%,0,0
102,連江縣,0,0.00%,0,0.00%,0,0
102,鄉鎮市,1411,0.009600%,184,0.22%,1595,885
101,合計,5754408,40.684300%,459701,-,6214108,468578
101,中央政府,4996331,35.324600%,275000,14.03%,5271331,363807
101,地方政府,758077,5.359700%,184701,-,942778,104771
101,直轄市,569614,-,94101,13.62%,663715,51179
101,臺北市,221048,1.562800%,0,0.00%,221048,9554
101,高雄市,210294,1.486800%,15064,11.48%,225358,6830
101,新北市,43064,24.80%,33300,21.15%,76364,13576
101,臺中市,50013,36.46%,21320,19.22%,71333,17653
101,臺南市,45195,44.64%,24417,27.91%,69612,3566
101,縣市,186911,1.321500%,90403,22.78%,277314,52739
101,桃園縣,23750,36.70%,4000,6.44%,27750,4023
101,宜蘭縣,13938,62.48%,9890,49.21%,23828,3079
101,新竹縣,13638,38.76%,7058,27.35%,20696,7100
101,苗栗縣,23766,54.82%,15968,47.41%,39734,9067
101,彰化縣,13350,28.81%,9959,23.97%,23309,8690
101,南投縣,12027,39.60%,5363,23.03%,17390,0
101,雲林縣,17889,44.29%,6826,24.60%,24715,7019
101,嘉義縣,14957,41.05%,5745,24.38%,20702,7325
101,屏東縣,18823,38.39%,9203,26.88%,28027,208
101,臺東縣,4236,22.95%,4184,26.88%,8419,2006
101,花蓮縣,8464,41.83%,4311,24.35%,12776,0
101,澎湖縣,1570,13.52%,127,1.34%,1697,0
101,基隆市,8914,41.58%,2500,14.18%,11414,0
101,新竹市,9515,46.77%,4469,24.44%,13984,2119
101,嘉義市,2074,12.26%,800,7.09%,2874,2102
101,金門縣,0,0.00%,0,0.00%,0,0
101,連江縣,0,0.00%,0,0.00%,0,0
101,鄉鎮市,1552,0.011000%,197,0.24%,1748,853
100,合計,5468503,39.801100%,446446,-,5914949,425928
100,中央政府,4750631,34.576200%,279050,14.01%,5029681,334195
100,地方政府,717873,5.224800%,167396,-,885269,91733
100,直轄市,528963,-,81590,12.21%,610553,44142
100,臺北市,202809,1.476100%,0,0.00%,202809,4101
100,高雄市,194231,1.413700%,9000,6.67%,203231,8157
100,新北市,42596,24.00%,23804,15.34%,66400,4479
100,臺中市,45232,33.51%,27205,25.51%,72437,18848
100,臺南市,44095,42.74%,21581,25.66%,65676,8559
100,縣市,187059,1.361500%,85615,20.50%,272674,46517
100,桃園縣,24750,37.72%,9500,15.30%,34250,691
100,宜蘭縣,14685,61.49%,9940,45.94%,24625,2602
100,新竹縣,13666,41.58%,6664,24.14%,20330,8695
100,苗栗縣,23766,45.13%,10363,24.98%,34129,7129
100,彰化縣,13183,29.10%,7814,19.87%,20997,7144
100,南投縣,11527,34.37%,6119,26.13%,17645,20
100,雲林縣,17389,42.10%,6655,23.22%,24045,6792
100,嘉義縣,14283,37.10%,5614,23.80%,19898,7998
100,屏東縣,18448,33.91%,8060,20.20%,26508,32
100,臺東縣,3544,17.48%,3671,23.13%,7214,1629
100,花蓮縣,8728,42.40%,4478,24.45%,13206,0
100,澎湖縣,1570,14.39%,0,0.00%,1570,0
100,基隆市,9379,42.37%,1215,6.41%,10595,0
100,新竹市,9688,47.59%,4522,24.73%,14210,1738
100,嘉義市,2451,13.94%,1000,8.17%,3451,2049
100,金門縣,0,0.00%,0,0.00%,0,0
100,連江縣,0,0.00%,0,0.00%,0,0
100,鄉鎮市,1851,0.013500%,191,0.24%,2042,1074
099,合計,5186842,38.49%,405487,-,5592329,413262
099,中央政府,4536455,33.66%,240000,12.12%,4776455,322178
099,地方政府,650387,4.83%,165487,-,815874,91084
099,直轄市,315401,-,2015,-,317416,14812
099,臺北市,153664,1.14%,0,0.00%,153664,4916
099,高雄市,161737,1.20%,2015,2.65%,163752,9896
099,縣市,330624,2.45%,163260,22.24%,493884,74156
099,臺北縣,55543,44.88%,29082,27.33%,84625,0
099,桃園縣,22338,39.13%,10023,18.96%,32361,6412
099,宜蘭縣,14689,39.95%,10010,29.89%,24699,2563
099,新竹縣,13904,40.78%,6818,24.23%,20722,12750
099,苗栗縣,20862,44.88%,9662,27.61%,30524,6776
099,臺中縣,28495,43.63%,11776,25.35%,40271,1466
099,彰化縣,12576,27.28%,9987,25.25%,22563,5923
099,南投縣,11527,32.57%,4787,18.05%,16314,60
099,雲林縣,16715,41.67%,6987,26.84%,23702,6834
099,嘉義縣,13583,31.80%,5787,19.29%,19370,7163
099,臺南縣,21512,43.29%,12392,28.95%,33904,8816
099,高雄縣,17920,31.82%,8500,17.53%,26420,771
099,屏東縣,16957,34.59%,6863,17.60%,23820,43
099,臺東縣,3356,16.51%,2956,16.21%,6312,190
099,花蓮縣,8437,43.40%,4937,29.00%,13374,0
099,澎湖縣,1570,15.68%,237,2.81%,1807,0
099,基隆市,9879,43.24%,1800,9.41%,11679,0
099,新竹市,10295,50.16%,5122,29.71%,15417,1565
099,臺中市,10462,20.94%,5000,12.02%,15462,5415
099,嘉義市,2706,15.38%,1300,10.88%,4006,2049
099,臺南市,17298,43.97%,9234,29.76%,26532,5360
099,金門縣,0,0.00%,0,0.00%,0,0
099,連江縣,0,0.00%,0,0.00%,0,0
099,鄉鎮市,4362,0.03%,212,0.13%,4574,2116
098,合計,4742831,35.58%,397548,-,5140379,440272
098,中央政府,4126259,30.96%,240000,11.43%,4366259,340017
098,地方政府,616572,4.63%,157548,-,774120,100255
098,直轄市,312883,-,1931,-,314814,17516
098,臺北市,160436,1.20%,0,0.00%,160436,6189
098,高雄市,152447,1.14%,1931,2.28%,154378,11327
098,縣市,297503,2.23%,155417,21.69%,452920,80815
098,臺北縣,44447,34.76%,25873,24.25%,70320,402
098,桃園縣,22688,39.13%,10613,20.26%,33301,5849
098,宜蘭縣,13005,38.60%,8287,27.37%,21292,2474
098,新竹縣,13982,40.58%,5025,17.94%,19007,15785
098,苗栗縣,17216,40.33%,9094,29.02%,26310,3794
098,臺中縣,26977,41.72%,10557,24.28%,37534,14135
098,彰化縣,9357,19.92%,10284,24.48%,19641,1399
098,南投縣,11527,32.05%,4795,16.85%,16322,117
098,雲林縣,15715,35.88%,7661,24.37%,23376,6104
098,嘉義縣,12884,37.85%,6315,24.68%,19199,6873
098,臺南縣,20313,43.66%,10160,27.48%,30473,10034
098,高雄縣,16198,31.30%,6800,15.51%,22998,0
098,屏東縣,15047,33.96%,6535,20.29%,21582,0
098,臺東縣,4156,24.95%,2795,19.11%,6951,200
098,花蓮縣,7607,37.34%,4869,27.23%,12476,0
098,澎湖縣,1070,10.42%,567,6.60%,1637,0
098,基隆市,8555,34.04%,3500,15.94%,12055,151
098,新竹市,9359,42.50%,4549,24.36%,13908,2355
098,臺中市,8798,16.80%,6970,16.47%,15768,4537
098,嘉義市,3104,17.02%,1741,12.94%,4845,2049
098,臺南市,15498,41.19%,8427,28.65%,23925,4507
098,金門縣,0,0.00%,0,0.00%,0,50
098,連江縣,0,0.00%,0,0.00%,0,0
098,鄉鎮市,6186,0.05%,200,0.12%,6386,1924
097,合計,4374301,33.74%,262878,-,4637179,489088
097,中央政府,3778059,29.14%,131816,7.10%,3909875,393429
097,地方政府,596242,4.60%,131062,-,727304,95659
097,直轄市,310156,-,0,-,310156,20807
097,臺北市,167164,1.29%,0,0.00%,167164,8192
097,高雄市,142992,1.10%,0,0.00%,142992,12615
097,縣市,279831,2.16%,130581,19.65%,410412,72456
097,臺北縣,39042,34.23%,23593,23.00%,62635,864
097,桃園縣,22925,41.94%,13112,26.43%,36037,2786
097,宜蘭縣,13005,39.60%,6903,23.13%,19908,2210
097,新竹縣,14560,44.52%,5619,21.61%,20179,16178
097,苗栗縣,14413,40.34%,6960,26.23%,21373,2779
097,臺中縣,25978,39.89%,8316,18.67%,34294,12382
097,彰化縣,9371,23.98%,5414,16.18%,14785,1456
097,南投縣,11527,34.80%,4658,19.50%,16185,127
097,雲林縣,14796,38.39%,6021,22.82%,20817,6654
097,嘉義縣,12924,34.72%,6461,25.52%,19385,3470
097,臺南縣,17714,40.78%,9974,27.44%,27688,11798
097,高雄縣,15592,33.47%,5500,14.35%,21092,0
097,屏東縣,15060,36.37%,3580,11.08%,18640,0
097,臺東縣,3372,21.76%,2640,19.80%,6012,200
097,花蓮縣,7131,36.41%,4137,24.60%,11268,0
097,澎湖縣,1100,11.58%,37,0.44%,1137,0
097,基隆市,8094,40.51%,1808,10.84%,9902,0
097,新竹市,9365,42.23%,5112,27.41%,14477,2195
097,臺中市,5237,10.46%,2272,5.35%,7509,5607
097,嘉義市,3127,20.44%,816,7.18%,3943,49
097,臺南市,15498,43.44%,7648,27.20%,23146,3601
097,金門縣,0,0.00%,0,0.00%,0,100
097,連江縣,0,0.00%,0,0.00%,0,0
097,鄉鎮市,6255,0.05%,481,0.35%,6736,2396
096,合計,4297374,34.69%,200685,-,4498059,525268
096,中央政府,3718196,30.02%,65000,3.76%,3783196,430547
096,地方政府,579178,4.68%,135685,-,714863,94721
096,直轄市,304532,-,0,-,304532,25469
096,臺北市,170468,1.38%,0,0.00%,170468,11173
096,高雄市,134064,1.08%,0,0.00%,134064,14296
096,縣市,267838,2.16%,135181,22.67%,403019,67044
096,臺北縣,38807,42.48%,23614,30.04%,62421,4113
096,桃園縣,21425,40.09%,12542,27.33%,33967,335
096,宜蘭縣,10586,39.24%,6825,28.57%,17411,1740
096,新竹縣,13370,44.87%,7268,29.91%,20638,12775
096,苗栗縣,12423,42.34%,5746,28.26%,18169,2902
096,臺中縣,23978,38.38%,10317,24.86%,34295,10774
096,彰化縣,11163,29.69%,4144,12.48%,15307,1493
096,南投縣,12317,36.91%,3854,14.93%,16171,181
096,雲林縣,14009,40.19%,6546,26.95%,20555,7766
096,嘉義縣,12475,36.81%,6009,25.71%,18484,3250
096,臺南縣,17716,44.97%,9054,27.16%,26770,10942
096,高雄縣,12197,28.20%,9104,24.91%,21301,0
096,屏東縣,15400,40.32%,5070,17.10%,20470,0
096,臺東縣,3600,25.28%,2636,21.28%,6236,210
096,花蓮縣,6755,33.79%,3600,21.27%,10355,0
096,澎湖縣,1100,12.45%,132,1.68%,1232,0
096,基隆市,7388,35.85%,2400,14.67%,9788,0
096,新竹市,9090,43.02%,4175,23.71%,13265,1315
096,臺中市,7134,16.86%,2966,8.02%,10100,5557
096,嘉義市,3107,20.73%,2039,18.89%,5146,21
096,臺南市,13798,43.43%,7140,29.08%,20938,3520
096,金門縣,0,0.00%,0,0.00%,0,150
096,連江縣,0,0.00%,0,0.00%,0,0
096,鄉鎮市,6808,0.05%,504,0.40%,7312,2208
095,合計,4186291,35.35%,239700,-,4425991,577182
095,中央政府,3622642,30.59%,110000,6.52%,3732642,481211
095,地方政府,563649,4.76%,129700,13.52%,693349,95971
095,直轄市,303997,-,0,-,303997,31357
095,臺北市,184218,1.56%,0,0.00%,184218,14854
095,高雄市,119779,1.01%,0,0.00%,119779,16503
095,縣市,251869,2.13%,129172,22.51%,381041,62558
095,臺北縣,38781,42.35%,18700,24.83%,57481,3171
095,桃園縣,21425,38.01%,14190,29.52%,35615,3797
095,宜蘭縣,8956,42.15%,6701,36.91%,15657,2786
095,新竹縣,11948,43.97%,7263,30.75%,19211,11619
095,苗栗縣,11575,39.27%,6421,31.55%,17996,25
095,臺中縣,19950,30.89%,10657,25.51%,30607,10317
095,彰化縣,11168,30.30%,2500,7.84%,13668,1687
095,南投縣,12317,42.47%,2832,13.80%,15149,216
095,雲林縣,14009,41.47%,6308,26.70%,20317,5586
095,嘉義縣,11835,38.29%,5488,24.91%,17323,3270
095,臺南縣,18090,41.05%,9964,28.75%,28054,9613
095,高雄縣,9160,21.64%,8500,24.68%,17660,0
095,屏東縣,14389,39.21%,5881,19.99%,20270,0
095,臺東縣,3525,25.11%,2142,17.65%,5667,359
095,花蓮縣,6010,32.64%,3266,20.07%,9276,0
095,澎湖縣,900,10.47%,302,4.32%,1202,0
095,基隆市,6653,30.71%,2300,13.16%,8953,0
095,新竹市,8927,43.28%,2670,16.58%,11597,1174
095,臺中市,7055,18.17%,3926,11.55%,10981,5257
095,嘉義市,2132,14.98%,2044,18.65%,4176,17
095,臺南市,13064,40.82%,7117,28.69%,20181,3364
095,金門縣,0,0.00%,0,0.00%,0,300
095,連江縣,0,0.00%,0,0.00%,0,0
095,鄉鎮市,7783,0.07%,528,0.42%,8311,2056
094,合計,4100632,36.10%,279557,-,4380189,639800
094,中央政府,3549617,31.25%,157000,8.93%,3706617,541751
094,地方政府,551015,4.85%,122557,-,673572,98049
094,直轄市,310995,-,0,-,310995,41976
094,臺北市,189948,1.67%,0,0.00%,189948,22466
094,高雄市,121047,1.07%,0,0.00%,121047,19510
094,縣市,231608,2.04%,122091,21.08%,353699,53827
094,臺北縣,39236,40.18%,17820,22.66%,57056,4322
094,桃園縣,17650,31.86%,14878,31.07%,32528,4424
094,宜蘭縣,8986,40.04%,7098,35.72%,16084,4239
094,新竹縣,10636,42.62%,6723,31.42%,17359,5304
094,苗栗縣,10700,35.59%,5527,26.45%,16227,0
094,臺中縣,15843,24.08%,10101,23.75%,25944,8626
094,彰化縣,10193,26.67%,2350,7.09%,12543,1809
094,南投縣,11047,35.53%,1090,5.59%,12137,444
094,雲林縣,13722,39.77%,6183,25.99%,19905,3671
094,嘉義縣,11409,39.86%,5320,25.72%,16729,2840
094,臺南縣,17934,41.50%,9269,27.32%,27203,8366
094,高雄縣,8426,20.06%,8500,24.15%,16926,0
094,屏東縣,13508,39.22%,4410,16.58%,17918,0
094,臺東縣,2650,19.13%,1498,13.09%,4148,370
094,花蓮縣,5250,27.95%,3509,22.77%,8759,0
094,澎湖縣,0,0.00%,1123,14.06%,1123,0
094,基隆市,5663,25.93%,1400,7.93%,7063,0
094,新竹市,7640,35.35%,2897,17.33%,10537,1061
094,臺中市,6562,15.49%,4173,10.82%,10735,4138
094,嘉義市,1489,10.33%,2051,20.23%,3540,17
094,臺南市,13064,44.37%,6171,26.11%,19235,3796
094,金門縣,0,0.00%,0,0.00%,0,400
094,連江縣,0,0.00%,0,0.00%,0,0
094,鄉鎮市,8412,0.07%,466,0.33%,8878,2246
093,合計,3878450,35.89%,356561,-,4235011,618932
093,中央政府,3362141,31.11%,240100,14.14%,3602241,505881
093,地方政府,516309,4.78%,116461,-,632770,113051
093,直轄市,305451,-,0,-,305451,59022
093,臺北市,197624,1.83%,0,0.00%,197624,33472
093,高雄市,107827,1.00%,0,0.00%,107827,25550
093,縣市,201388,1.86%,116179,20.15%,317567,52583
093,臺北縣,41759,39.74%,22083,25.10%,63842,5910
093,桃園縣,16800,31.50%,9141,19.19%,25941,3467
093,宜蘭縣,7704,36.83%,5478,29.43%,13182,6822
093,新竹縣,8862,38.44%,5681,28.31%,14543,5483
093,苗栗縣,7942,28.99%,5749,29.44%,13691,15
093,臺中縣,11730,18.51%,8450,19.85%,20180,7773
093,彰化縣,10193,27.39%,749,2.38%,10942,1741
093,南投縣,8575,25.42%,646,3.04%,9221,387
093,雲林縣,10722,30.64%,7571,30.44%,18293,2643
093,嘉義縣,9359,33.94%,5176,28.64%,14535,2815
093,臺南縣,12862,33.01%,13433,41.10%,26295,3396
093,高雄縣,7870,19.64%,8500,24.53%,16370,0
093,屏東縣,12612,33.31%,4191,15.26%,16803,0
093,臺東縣,1600,10.51%,1013,8.32%,2613,539
093,花蓮縣,4250,23.15%,2415,15.64%,6665,0
093,澎湖縣,4,0.04%,656,7.91%,660,0
093,基隆市,4136,19.42%,0,0.00%,4136,0
093,新竹市,5419,25.23%,2957,16.95%,8376,759
093,臺中市,6105,16.09%,3091,9.22%,9196,6278
093,嘉義市,1460,9.30%,1500,14.17%,2960,450
093,臺南市,11424,42.50%,7699,35.60%,19123,3655
093,金門縣,0,0.00%,0,0.00%,0,450
093,連江縣,0,0.00%,0,0.00%,0,0
093,鄉鎮市,9470,0.09%,282,0.19%,9752,1446
