fy,ce,agency,amount,unit,basis,source_url
105,2016,總統府,17010246,千元,legal,https://ws.dgbas.gov.tw/public/data/dgbas01/105/105ctab/105c歲出機關別預算總表.xls
105,2016,行政院,24638760,千元,legal,https://ws.dgbas.gov.tw/public/data/dgbas01/105/105ctab/105c歲出機關別預算總表.xls
105,2016,立法院,3680127,千元,legal,https://ws.dgbas.gov.tw/public/data/dgbas01/105/105ctab/105c歲出機關別預算總表.xls
105,2016,司法院,24836242,千元,legal,https://ws.dgbas.gov.tw/public/data/dgbas01/105/105ctab/105c歲出機關別預算總表.xls
105,2016,考試院,26429527,千元,legal,https://ws.dgbas.gov.tw/public/data/dgbas01/105/105ctab/105c歲出機關別預算總表.xls
105,2016,監察院,2304810,千元,legal,https://ws.dgbas.gov.tw/public/data/dgbas01/105/105ctab/105c歲出機關別預算總表.xls
105,2016,內政部,86903710,千元,legal,https://ws.dgbas.gov.tw/public/data/dgbas01/105/105ctab/105c歲出機關別預算總表.xls
105,2016,外交部,24431426,千元,legal,https://ws.dgbas.gov.tw/public/data/dgbas01/105/105ctab/105c歲出機關別預算總表.xls
105,2016,國防部,320084777,千元,legal,https://ws.dgbas.gov.tw/public/data/dgbas01/105/105ctab/105c歲出機關別預算總表.xls
105,2016,財政部,196045974,千元,legal,https://ws.dgbas.gov.tw/public/data/dgbas01/105/105ctab/105c歲出機關別預算總表.xls
105,2016,教育部,225302824,千元,legal,https://ws.dgbas.gov.tw/public/data/dgbas01/105/105ctab/105c歲出機關別預算總表.xls
105,2016,法務部,31718824,千元,legal,https://ws.dgbas.gov.tw/public/data/dgbas01/105/105ctab/105c歲出機關別預算總表.xls
105,2016,經濟部,59000710,千元,legal,https://ws.dgbas.gov.tw/public/data/dgbas01/105/105ctab/105c歲出機關別預算總表.xls
105,2016,交通部,112117254,千元,legal,https://ws.dgbas.gov.tw/public/data/dgbas01/105/105ctab/105c歲出機關別預算總表.xls
105,2016,勞動部,116802179,千元,legal,https://ws.dgbas.gov.tw/public/data/dgbas01/105/105ctab/105c歲出機關別預算總表.xls
105,2016,蒙藏委員會,126360,千元,legal,https://ws.dgbas.gov.tw/public/data/dgbas01/105/105ctab/105c歲出機關別預算總表.xls
105,2016,僑務委員會,1388304,千元,legal,https://ws.dgbas.gov.tw/public/data/dgbas01/105/105ctab/105c歲出機關別預算總表.xls
105,2016,原子能委員會,2926775,千元,legal,https://ws.dgbas.gov.tw/public/data/dgbas01/105/105ctab/105c歲出機關別預算總表.xls
105,2016,農業委員會,121792559,千元,legal,https://ws.dgbas.gov.tw/public/data/dgbas01/105/105ctab/105c歲出機關別預算總表.xls
105,2016,衛生福利部,198667127,千元,legal,https://ws.dgbas.gov.tw/public/data/dgbas01/105/105ctab/105c歲出機關別預算總表.xls
105,2016,環境保護署,4302612,千元,legal,https://ws.dgbas.gov.tw/public/data/dgbas01/105/105ctab/105c歲出機關別預算總表.xls
105,2016,文化部,16531292,千元,legal,https://ws.dgbas.gov.tw/public/data/dgbas01/105/105ctab/105c歲出機關別預算總表.xls
105,2016,海岸巡防署,14103540,千元,legal,https://ws.dgbas.gov.tw/public/data/dgbas01/105/105ctab/105c歲出機關別預算總表.xls
105,2016,科技部,46649229,千元,legal,https://ws.dgbas.gov.tw/public/data/dgbas01/105/105ctab/105c歲出機關別預算總表.xls
105,2016,金融監督管理委員會,1441613,千元,legal,https://ws.dgbas.gov.tw/public/data/dgbas01/105/105ctab/105c歲出機關別預算總表.xls
105,2016,國軍退除役官兵輔導委員會,124649747,千元,legal,https://ws.dgbas.gov.tw/public/data/dgbas01/105/105ctab/105c歲出機關別預算總表.xls
105,2016,省市地方政府,162579753,千元,legal,https://ws.dgbas.gov.tw/public/data/dgbas01/105/105ctab/105c歲出機關別預算總表.xls
105,2016,災害準備金,2000000,千元,legal,https://ws.dgbas.gov.tw/public/data/dgbas01/105/105ctab/105c歲出機關別預算總表.xls
105,2016,第二預備金,7400000,千元,legal,https://ws.dgbas.gov.tw/public/data/dgbas01/105/105ctab/105c歲出機關別預算總表.xls
106,2017,總統府,15365125,千元,legal,https://ws.dgbas.gov.tw/public/data/dgbas01/106/106ctab/106c歲出機關別預算總表.xls
106,2017,行政院,23152301,千元,legal,https://ws.dgbas.gov.tw/public/data/dgbas01/106/106ctab/106c歲出機關別預算總表.xls
106,2017,立法院,3462643,千元,legal,https://ws.dgbas.gov.tw/public/data/dgbas01/106/106ctab/106c歲出機關別預算總表.xls
106,2017,司法院,21638318,千元,legal,https://ws.dgbas.gov.tw/public/data/dgbas01/106/106ctab/106c歲出機關別預算總表.xls
106,2017,考試院,27831389,千元,legal,https://ws.dgbas.gov.tw/public/data/dgbas01/106/106ctab/106c歲出機關別預算總表.xls
106,2017,監察院,2142315,千元,legal,https://ws.dgbas.gov.tw/public/data/dgbas01/106/106ctab/106c歲出機關別預算總表.xls
106,2017,內政部,83485607,千元,legal,https://ws.dgbas.gov.tw/public/data/dgbas01/106/106ctab/106c歲出機關別預算總表.xls
106,2017,外交部,24326123,千元,legal,https://ws.dgbas.gov.tw/public/data/dgbas01/106/106ctab/106c歲出機關別預算總表.xls
106,2017,國防部,319275184,千元,legal,https://ws.dgbas.gov.tw/public/data/dgbas01/106/106ctab/106c歲出機關別預算總表.xls
106,2017,財政部,183712611,千元,legal,https://ws.dgbas.gov.tw/public/data/dgbas01/106/106ctab/106c歲出機關別預算總表.xls
106,2017,教育部,240601853,千元,legal,https://ws.dgbas.gov.tw/public/data/dgbas01/106/106ctab/106c歲出機關別預算總表.xls
106,2017,法務部,31280526,千元,legal,https://ws.dgbas.gov.tw/public/data/dgbas01/106/106ctab/106c歲出機關別預算總表.xls
106,2017,經濟部,53219325,千元,legal,https://ws.dgbas.gov.tw/public/data/dgbas01/106/106ctab/106c歲出機關別預算總表.xls
106,2017,交通部,109751838,千元,legal,https://ws.dgbas.gov.tw/public/data/dgbas01/106/106ctab/106c歲出機關別預算總表.xls
106,2017,勞動部,123439560,千元,legal,https://ws.dgbas.gov.tw/public/data/dgbas01/106/106ctab/106c歲出機關別預算總表.xls
106,2017,蒙藏委員會,115105,千元,legal,https://ws.dgbas.gov.tw/public/data/dgbas01/106/106ctab/106c歲出機關別預算總表.xls
106,2017,僑務委員會,1317250,千元,legal,https://ws.dgbas.gov.tw/public/data/dgbas01/106/106ctab/106c歲出機關別預算總表.xls
106,2017,原子能委員會,2721300,千元,legal,https://ws.dgbas.gov.tw/public/data/dgbas01/106/106ctab/106c歲出機關別預算總表.xls
106,2017,農業委員會,119166503,千元,legal,https://ws.dgbas.gov.tw/public/data/dgbas01/106/106ctab/106c歲出機關別預算總表.xls
106,2017,衛生福利部,209475169,千元,legal,https://ws.dgbas.gov.tw/public/data/dgbas01/106/106ctab/106c歲出機關別預算總表.xls
106,2017,環境保護署,4646513,千元,legal,https://ws.dgbas.gov.tw/public/data/dgbas01/106/106ctab/106c歲出機關別預算總表.xls
106,2017,文化部,18852321,千元,legal,https://ws.dgbas.gov.tw/public/data/dgbas01/106/106ctab/106c歲出機關別預算總表.xls
106,2017,海岸巡防署,14052158,千元,legal,https://ws.dgbas.gov.tw/public/data/dgbas01/106/106ctab/106c歲出機關別預算總表.xls
106,2017,科技部,50209803,千元,legal,https://ws.dgbas.gov.tw/public/data/dgbas01/106/106ctab/106c歲出機關別預算總表.xls
106,2017,金融監督管理委員會,1431812,千元,legal,https://ws.dgbas.gov.tw/public/data/dgbas01/106/106ctab/106c歲出機關別預算總表.xls
106,2017,國軍退除役官兵輔導委員會,117385406,千元,legal,https://ws.dgbas.gov.tw/public/data/dgbas01/106/106ctab/106c歲出機關別預算總表.xls
106,2017,省市地方政府,162537889,千元,legal,https://ws.dgbas.gov.tw/public/data/dgbas01/106/106ctab/106c歲出機關別預算總表.xls
106,2017,災害準備金,2000000,千元,legal,https://ws.dgbas.gov.tw/public/data/dgbas01/106/106ctab/106c歲出機關別預算總表.xls
106,2017,第二預備金,7400000,千元,legal,https://ws.dgbas.gov.tw/public/data/dgbas01/106/106ctab/106c歲出機關別預算總表.xls
107,2018,總統府,13544831,千元,legal,https://ws.dgbas.gov.tw/public/data/dgbas01/107/107ctab/107c歲出機關別預算總表.xls
107,2018,行政院,23933537,千元,legal,https://ws.dgbas.gov.tw/public/data/dgbas01/107/107ctab/107c歲出機關別預算總表.xls
107,2018,立法院,3504381,千元,legal,https://ws.dgbas.gov.tw/public/data/dgbas01/107/107ctab/107c歲出機關別預算總表.xls
107,2018,司法院,21979339,千元,legal,https://ws.dgbas.gov.tw/public/data/dgbas01/107/107ctab/107c歲出機關別預算總表.xls
107,2018,考試院,26482268,千元,legal,https://ws.dgbas.gov.tw/public/data/dgbas01/107/107ctab/107c歲出機關別預算總表.xls
107,2018,監察院,2114610,千元,legal,https://ws.dgbas.gov.tw/public/data/dgbas01/107/107ctab/107c歲出機關別預算總表.xls
107,2018,內政部,84524690,千元,legal,https://ws.dgbas.gov.tw/public/data/dgbas01/107/107ctab/107c歲出機關別預算總表.xls
107,2018,外交部,26134082,千元,legal,https://ws.dgbas.gov.tw/public/data/dgbas01/107/107ctab/107c歲出機關別預算總表.xls
107,2018,國防部,323142934,千元,legal,https://ws.dgbas.gov.tw/public/data/dgbas01/107/107ctab/107c歲出機關別預算總表.xls
107,2018,財政部,182938722,千元,legal,https://ws.dgbas.gov.tw/public/data/dgbas01/107/107ctab/107c歲出機關別預算總表.xls
107,2018,教育部,238396753,千元,legal,https://ws.dgbas.gov.tw/public/data/dgbas01/107/107ctab/107c歲出機關別預算總表.xls
107,2018,法務部,31752906,千元,legal,https://ws.dgbas.gov.tw/public/data/dgbas01/107/107ctab/107c歲出機關別預算總表.xls
107,2018,經濟部,52813482,千元,legal,https://ws.dgbas.gov.tw/public/data/dgbas01/107/107ctab/107c歲出機關別預算總表.xls
107,2018,交通部,76408576,千元,legal,https://ws.dgbas.gov.tw/public/data/dgbas01/107/107ctab/107c歲出機關別預算總表.xls
107,2018,勞動部,130301574,千元,legal,https://ws.dgbas.gov.tw/public/data/dgbas01/107/107ctab/107c歲出機關別預算總表.xls
107,2018,僑務委員會,1546232,千元,legal,https://ws.dgbas.gov.tw/public/data/dgbas01/107/107ctab/107c歲出機關別預算總表.xls
107,2018,原子能委員會,2782063,千元,legal,https://ws.dgbas.gov.tw/public/data/dgbas01/107/107ctab/107c歲出機關別預算總表.xls
107,2018,農業委員會,127875460,千元,legal,https://ws.dgbas.gov.tw/public/data/dgbas01/107/107ctab/107c歲出機關別預算總表.xls
107,2018,衛生福利部,216885095,千元,legal,https://ws.dgbas.gov.tw/public/data/dgbas01/107/107ctab/107c歲出機關別預算總表.xls
107,2018,環境保護署,4774823,千元,legal,https://ws.dgbas.gov.tw/public/data/dgbas01/107/107ctab/107c歲出機關別預算總表.xls
107,2018,文化部,17834481,千元,legal,https://ws.dgbas.gov.tw/public/data/dgbas01/107/107ctab/107c歲出機關別預算總表.xls
107,2018,海岸巡防署,16480562,千元,legal,https://ws.dgbas.gov.tw/public/data/dgbas01/107/107ctab/107c歲出機關別預算總表.xls
107,2018,科技部,39547962,千元,legal,https://ws.dgbas.gov.tw/public/data/dgbas01/107/107ctab/107c歲出機關別預算總表.xls
107,2018,金融監督管理委員會,1430662,千元,legal,https://ws.dgbas.gov.tw/public/data/dgbas01/107/107ctab/107c歲出機關別預算總表.xls
107,2018,國軍退除役官兵輔導委員會,116002061,千元,legal,https://ws.dgbas.gov.tw/public/data/dgbas01/107/107ctab/107c歲出機關別預算總表.xls
107,2018,省市地方政府,162124496,千元,legal,https://ws.dgbas.gov.tw/public/data/dgbas01/107/107ctab/107c歲出機關別預算總表.xls
107,2018,調整軍公教人員待遇準備,12205727,千元,legal,https://ws.dgbas.gov.tw/public/data/dgbas01/107/107ctab/107c歲出機關別預算總表.xls
107,2018,災害準備金,2000000,千元,legal,https://ws.dgbas.gov.tw/public/data/dgbas01/107/107ctab/107c歲出機關別預算總表.xls
107,2018,第二預備金,7400000,千元,legal,https://ws.dgbas.gov.tw/public/data/dgbas01/107/107ctab/107c歲出機關別預算總表.xls
108,2019,總統府,13918785,千元,legal,https://ws.dgbas.gov.tw/public/data/dgbas01/108/108ctab/108c歲出機關別預算總表.xls
108,2019,行政院,26035006,千元,legal,https://ws.dgbas.gov.tw/public/data/dgbas01/108/108ctab/108c歲出機關別預算總表.xls
108,2019,立法院,3445741,千元,legal,https://ws.dgbas.gov.tw/public/data/dgbas01/108/108ctab/108c歲出機關別預算總表.xls
108,2019,司法院,22721088,千元,legal,https://ws.dgbas.gov.tw/public/data/dgbas01/108/108ctab/108c歲出機關別預算總表.xls
108,2019,考試院,25690770,千元,legal,https://ws.dgbas.gov.tw/public/data/dgbas01/108/108ctab/108c歲出機關別預算總表.xls
108,2019,監察院,2226371,千元,legal,https://ws.dgbas.gov.tw/public/data/dgbas01/108/108ctab/108c歲出機關別預算總表.xls
108,2019,內政部,82585121,千元,legal,https://ws.dgbas.gov.tw/public/data/dgbas01/108/108ctab/108c歲出機關別預算總表.xls
108,2019,外交部,25937216,千元,legal,https://ws.dgbas.gov.tw/public/data/dgbas01/108/108ctab/108c歲出機關別預算總表.xls
108,2019,國防部,340478071,千元,legal,https://ws.dgbas.gov.tw/public/data/dgbas01/108/108ctab/108c歲出機關別預算總表.xls
108,2019,財政部,173289007,千元,legal,https://ws.dgbas.gov.tw/public/data/dgbas01/108/108ctab/108c歲出機關別預算總表.xls
108,2019,教育部,245759948,千元,legal,https://ws.dgbas.gov.tw/public/data/dgbas01/108/108ctab/108c歲出機關別預算總表.xls
108,2019,法務部,33629132,千元,legal,https://ws.dgbas.gov.tw/public/data/dgbas01/108/108ctab/108c歲出機關別預算總表.xls
108,2019,經濟部,51778275,千元,legal,https://ws.dgbas.gov.tw/public/data/dgbas01/108/108ctab/108c歲出機關別預算總表.xls
108,2019,交通部,79030515,千元,legal,https://ws.dgbas.gov.tw/public/data/dgbas01/108/108ctab/108c歲出機關別預算總表.xls
108,2019,勞動部,130991724,千元,legal,https://ws.dgbas.gov.tw/public/data/dgbas01/108/108ctab/108c歲出機關別預算總表.xls
108,2019,僑務委員會,1296018,千元,legal,https://ws.dgbas.gov.tw/public/data/dgbas01/108/108ctab/108c歲出機關別預算總表.xls
108,2019,原子能委員會,2547338,千元,legal,https://ws.dgbas.gov.tw/public/data/dgbas01/108/108ctab/108c歲出機關別預算總表.xls
108,2019,農業委員會,129673250,千元,legal,https://ws.dgbas.gov.tw/public/data/dgbas01/108/108ctab/108c歲出機關別預算總表.xls
108,2019,衛生福利部,221523826,千元,legal,https://ws.dgbas.gov.tw/public/data/dgbas01/108/108ctab/108c歲出機關別預算總表.xls
108,2019,環境保護署,5022210,千元,legal,https://ws.dgbas.gov.tw/public/data/dgbas01/108/108ctab/108c歲出機關別預算總表.xls
108,2019,文化部,19744700,千元,legal,https://ws.dgbas.gov.tw/public/data/dgbas01/108/108ctab/108c歲出機關別預算總表.xls
108,2019,科技部,42359809,千元,legal,https://ws.dgbas.gov.tw/public/data/dgbas01/108/108ctab/108c歲出機關別預算總表.xls
108,2019,金融監督管理委員會,1534277,千元,legal,https://ws.dgbas.gov.tw/public/data/dgbas01/108/108ctab/108c歲出機關別預算總表.xls
108,2019,海洋委員會,17477969,千元,legal,https://ws.dgbas.gov.tw/public/data/dgbas01/108/108ctab/108c歲出機關別預算總表.xls
108,2019,國軍退除役官兵輔導委員會,123056818,千元,legal,https://ws.dgbas.gov.tw/public/data/dgbas01/108/108ctab/108c歲出機關別預算總表.xls
108,2019,省市地方政府,166824776,千元,legal,https://ws.dgbas.gov.tw/public/data/dgbas01/108/108ctab/108c歲出機關別預算總表.xls
108,2019,災害準備金,2000000,千元,legal,https://ws.dgbas.gov.tw/public/data/dgbas01/108/108ctab/108c歲出機關別預算總表.xls
108,2019,第二預備金,7400000,千元,legal,https://ws.dgbas.gov.tw/public/data/dgbas01/108/108ctab/108c歲出機關別預算總表.xls
109,2020,總統府,14029110,千元,legal,https://ws.dgbas.gov.tw/public/data/dgbas01/109/109ctab/109c歲出機關別預算總表.xls
109,2020,行政院,26300519,千元,legal,https://ws.dgbas.gov.tw/public/data/dgbas01/109/109ctab/109c歲出機關別預算總表.xls
109,2020,立法院,3513850,千元,legal,https://ws.dgbas.gov.tw/public/data/dgbas01/109/109ctab/109c歲出機關別預算總表.xls
109,2020,司法院,23324401,千元,legal,https://ws.dgbas.gov.tw/public/data/dgbas01/109/109ctab/109c歲出機關別預算總表.xls
109,2020,考試院,25775655,千元,legal,https://ws.dgbas.gov.tw/public/data/dgbas01/109/109ctab/109c歲出機關別預算總表.xls
109,2020,監察院,2195399,千元,legal,https://ws.dgbas.gov.tw/public/data/dgbas01/109/109ctab/109c歲出機關別預算總表.xls
109,2020,內政部,62209916,千元,legal,https://ws.dgbas.gov.tw/public/data/dgbas01/109/109ctab/109c歲出機關別預算總表.xls
109,2020,外交部,28084973,千元,legal,https://ws.dgbas.gov.tw/public/data/dgbas01/109/109ctab/109c歲出機關別預算總表.xls
109,2020,國防部,351217751,千元,legal,https://ws.dgbas.gov.tw/public/data/dgbas01/109/109ctab/109c歲出機關別預算總表.xls
109,2020,財政部,168459172,千元,legal,https://ws.dgbas.gov.tw/public/data/dgbas01/109/109ctab/109c歲出機關別預算總表.xls
109,2020,教育部,256541817,千元,legal,https://ws.dgbas.gov.tw/public/data/dgbas01/109/109ctab/109c歲出機關別預算總表.xls
109,2020,法務部,35404112,千元,legal,https://ws.dgbas.gov.tw/public/data/dgbas01/109/109ctab/109c歲出機關別預算總表.xls
109,2020,經濟部,53510442,千元,legal,https://ws.dgbas.gov.tw/public/data/dgbas01/109/109ctab/109c歲出機關別預算總表.xls
109,2020,交通部,73988303,千元,legal,https://ws.dgbas.gov.tw/public/data/dgbas01/109/109ctab/109c歲出機關別預算總表.xls
109,2020,勞動部,151984303,千元,legal,https://ws.dgbas.gov.tw/public/data/dgbas01/109/109ctab/109c歲出機關別預算總表.xls
109,2020,僑務委員會,1284318,千元,legal,https://ws.dgbas.gov.tw/public/data/dgbas01/109/109ctab/109c歲出機關別預算總表.xls
109,2020,原子能委員會,2500676,千元,legal,https://ws.dgbas.gov.tw/public/data/dgbas01/109/109ctab/109c歲出機關別預算總表.xls
109,2020,農業委員會,162234059,千元,legal,https://ws.dgbas.gov.tw/public/data/dgbas01/109/109ctab/109c歲出機關別預算總表.xls
109,2020,衛生福利部,231101109,千元,legal,https://ws.dgbas.gov.tw/public/data/dgbas01/109/109ctab/109c歲出機關別預算總表.xls
109,2020,環境保護署,6027345,千元,legal,https://ws.dgbas.gov.tw/public/data/dgbas01/109/109ctab/109c歲出機關別預算總表.xls
109,2020,文化部,19428814,千元,legal,https://ws.dgbas.gov.tw/public/data/dgbas01/109/109ctab/109c歲出機關別預算總表.xls
109,2020,科技部,41819184,千元,legal,https://ws.dgbas.gov.tw/public/data/dgbas01/109/109ctab/109c歲出機關別預算總表.xls
109,2020,金融監督管理委員會,1533591,千元,legal,https://ws.dgbas.gov.tw/public/data/dgbas01/109/109ctab/109c歲出機關別預算總表.xls
109,2020,海洋委員會,21250907,千元,legal,https://ws.dgbas.gov.tw/public/data/dgbas01/109/109ctab/109c歲出機關別預算總表.xls
109,2020,國軍退除役官兵輔導委員會,128234923,千元,legal,https://ws.dgbas.gov.tw/public/data/dgbas01/109/109ctab/109c歲出機關別預算總表.xls
109,2020,省市地方政府,176214095,千元,legal,https://ws.dgbas.gov.tw/public/data/dgbas01/109/109ctab/109c歲出機關別預算總表.xls
109,2020,災害準備金,2000000,千元,legal,https://ws.dgbas.gov.tw/public/data/dgbas01/109/109ctab/109c歲出機關別預算總表.xls
109,2020,第二預備金,7400000,千元,legal,https://ws.dgbas.gov.tw/public/data/dgbas01/109/109ctab/109c歲出機關別預算總表.xls
110,2021,總統府,14088127,千元,legal,https://ws.dgbas.gov.tw/public/data/dgbas01/110/110ctab/110c歲出機關別預算總表.xls
110,2021,行政院,51171790,千元,legal,https://ws.dgbas.gov.tw/public/data/dgbas01/110/110ctab/110c歲出機關別預算總表.xls
110,2021,立法院,3401941,千元,legal,https://ws.dgbas.gov.tw/public/data/dgbas01/110/110ctab/110c歲出機關別預算總表.xls
110,2021,司法院,24193359,千元,legal,https://ws.dgbas.gov.tw/public/data/dgbas01/110/110ctab/110c歲出機關別預算總表.xls
110,2021,考試院,27777241,千元,legal,https://ws.dgbas.gov.tw/public/data/dgbas01/110/110ctab/110c歲出機關別預算總表.xls
110,2021,監察院,2422072,千元,legal,https://ws.dgbas.gov.tw/public/data/dgbas01/110/110ctab/110c歲出機關別預算總表.xls
110,2021,內政部,64123148,千元,legal,https://ws.dgbas.gov.tw/public/data/dgbas01/110/110ctab/110c歲出機關別預算總表.xls
110,2021,外交部,29174635,千元,legal,https://ws.dgbas.gov.tw/public/data/dgbas01/110/110ctab/110c歲出機關別預算總表.xls
110,2021,國防部,361772075,千元,legal,https://ws.dgbas.gov.tw/public/data/dgbas01/110/110ctab/110c歲出機關別預算總表.xls
110,2021,財政部,171984551,千元,legal,https://ws.dgbas.gov.tw/public/data/dgbas01/110/110ctab/110c歲出機關別預算總表.xls
110,2021,教育部,257318247,千元,legal,https://ws.dgbas.gov.tw/public/data/dgbas01/110/110ctab/110c歲出機關別預算總表.xls
110,2021,法務部,34848128,千元,legal,https://ws.dgbas.gov.tw/public/data/dgbas01/110/110ctab/110c歲出機關別預算總表.xls
110,2021,經濟部,53341282,千元,legal,https://ws.dgbas.gov.tw/public/data/dgbas01/110/110ctab/110c歲出機關別預算總表.xls
110,2021,交通部,71177841,千元,legal,https://ws.dgbas.gov.tw/public/data/dgbas01/110/110ctab/110c歲出機關別預算總表.xls
110,2021,勞動部,164600764,千元,legal,https://ws.dgbas.gov.tw/public/data/dgbas01/110/110ctab/110c歲出機關別預算總表.xls
110,2021,僑務委員會,1278596,千元,legal,https://ws.dgbas.gov.tw/public/data/dgbas01/110/110ctab/110c歲出機關別預算總表.xls
110,2021,原子能委員會,2462775,千元,legal,https://ws.dgbas.gov.tw/public/data/dgbas01/110/110ctab/110c歲出機關別預算總表.xls
110,2021,農業委員會,136998902,千元,legal,https://ws.dgbas.gov.tw/public/data/dgbas01/110/110ctab/110c歲出機關別預算總表.xls
110,2021,衛生福利部,247540076,千元,legal,https://ws.dgbas.gov.tw/public/data/dgbas01/110/110ctab/110c歲出機關別預算總表.xls
110,2021,環境保護署,5664348,千元,legal,https://ws.dgbas.gov.tw/public/data/dgbas01/110/110ctab/110c歲出機關別預算總表.xls
110,2021,文化部,17636354,千元,legal,https://ws.dgbas.gov.tw/public/data/dgbas01/110/110ctab/110c歲出機關別預算總表.xls
110,2021,科技部,40900385,千元,legal,https://ws.dgbas.gov.tw/public/data/dgbas01/110/110ctab/110c歲出機關別預算總表.xls
110,2021,金融監督管理委員會,1567435,千元,legal,https://ws.dgbas.gov.tw/public/data/dgbas01/110/110ctab/110c歲出機關別預算總表.xls
110,2021,海洋委員會,24447542,千元,legal,https://ws.dgbas.gov.tw/public/data/dgbas01/110/110ctab/110c歲出機關別預算總表.xls
110,2021,國軍退除役官兵輔導委員會,127272383,千元,legal,https://ws.dgbas.gov.tw/public/data/dgbas01/110/110ctab/110c歲出機關別預算總表.xls
110,2021,省市地方政府,189332880,千元,legal,https://ws.dgbas.gov.tw/public/data/dgbas01/110/110ctab/110c歲出機關別預算總表.xls
110,2021,災害準備金,2000000,千元,legal,https://ws.dgbas.gov.tw/public/data/dgbas01/110/110ctab/110c歲出機關別預算總表.xls
110,2021,第二預備金,7400000,千元,legal,https://ws.dgbas.gov.tw/public/data/dgbas01/110/110ctab/110c歲出機關別預算總表.xls
111,2022,總統府,14418154,千元,legal,https://ws.dgbas.gov.tw/public/data/dgbas01/111/111ctab/111c歲出機關別預算總表.xls
111,2022,行政院,25165683,千元,legal,https://ws.dgbas.gov.tw/public/data/dgbas01/111/111ctab/111c歲出機關別預算總表.xls
111,2022,立法院,3427303,千元,legal,https://ws.dgbas.gov.tw/public/data/dgbas01/111/111ctab/111c歲出機關別預算總表.xls
111,2022,司法院,24770062,千元,legal,https://ws.dgbas.gov.tw/public/data/dgbas01/111/111ctab/111c歲出機關別預算總表.xls
111,2022,考試院,26331517,千元,legal,https://ws.dgbas.gov.tw/public/data/dgbas01/111/111ctab/111c歲出機關別預算總表.xls
111,2022,監察院,2503214,千元,legal,https://ws.dgbas.gov.tw/public/data/dgbas01/111/111ctab/111c歲出機關別預算總表.xls
111,2022,內政部,78922839,千元,legal,https://ws.dgbas.gov.tw/public/data/dgbas01/111/111ctab/111c歲出機關別預算總表.xls
111,2022,外交部,30072090,千元,legal,https://ws.dgbas.gov.tw/public/data/dgbas01/111/111ctab/111c歲出機關別預算總表.xls
111,2022,國防部,367602602,千元,legal,https://ws.dgbas.gov.tw/public/data/dgbas01/111/111ctab/111c歲出機關別預算總表.xls
111,2022,財政部,173174781,千元,legal,https://ws.dgbas.gov.tw/public/data/dgbas01/111/111ctab/111c歲出機關別預算總表.xls
111,2022,教育部,274742961,千元,legal,https://ws.dgbas.gov.tw/public/data/dgbas01/111/111ctab/111c歲出機關別預算總表.xls
111,2022,法務部,36968913,千元,legal,https://ws.dgbas.gov.tw/public/data/dgbas01/111/111ctab/111c歲出機關別預算總表.xls
111,2022,經濟部,57249062,千元,legal,https://ws.dgbas.gov.tw/public/data/dgbas01/111/111ctab/111c歲出機關別預算總表.xls
111,2022,交通部,79065156,千元,legal,https://ws.dgbas.gov.tw/public/data/dgbas01/111/111ctab/111c歲出機關別預算總表.xls
111,2022,勞動部,180886239,千元,legal,https://ws.dgbas.gov.tw/public/data/dgbas01/111/111ctab/111c歲出機關別預算總表.xls
111,2022,僑務委員會,1369279,千元,legal,https://ws.dgbas.gov.tw/public/data/dgbas01/111/111ctab/111c歲出機關別預算總表.xls
111,2022,原子能委員會,2381245,千元,legal,https://ws.dgbas.gov.tw/public/data/dgbas01/111/111ctab/111c歲出機關別預算總表.xls
111,2022,農業委員會,147043469,千元,legal,https://ws.dgbas.gov.tw/public/data/dgbas01/111/111ctab/111c歲出機關別預算總表.xls
111,2022,衛生福利部,273708259,千元,legal,https://ws.dgbas.gov.tw/public/data/dgbas01/111/111ctab/111c歲出機關別預算總表.xls
111,2022,環境保護署,8026645,千元,legal,https://ws.dgbas.gov.tw/public/data/dgbas01/111/111ctab/111c歲出機關別預算總表.xls
111,2022,文化部,17745367,千元,legal,https://ws.dgbas.gov.tw/public/data/dgbas01/111/111ctab/111c歲出機關別預算總表.xls
111,2022,科技部,47460385,千元,legal,https://ws.dgbas.gov.tw/public/data/dgbas01/111/111ctab/111c歲出機關別預算總表.xls
111,2022,金融監督管理委員會,1583514,千元,legal,https://ws.dgbas.gov.tw/public/data/dgbas01/111/111ctab/111c歲出機關別預算總表.xls
111,2022,海洋委員會,24074961,千元,legal,https://ws.dgbas.gov.tw/public/data/dgbas01/111/111ctab/111c歲出機關別預算總表.xls
111,2022,國軍退除役官兵輔導委員會,129771834,千元,legal,https://ws.dgbas.gov.tw/public/data/dgbas01/111/111ctab/111c歲出機關別預算總表.xls
111,2022,直轄市及縣市政府,196546169,千元,legal,https://ws.dgbas.gov.tw/public/data/dgbas01/111/111ctab/111c歲出機關別預算總表.xls
111,2022,災害準備金,5000000,千元,legal,https://ws.dgbas.gov.tw/public/data/dgbas01/111/111ctab/111c歲出機關別預算總表.xls
111,2022,第二預備金,7400000,千元,legal,https://ws.dgbas.gov.tw/public/data/dgbas01/111/111ctab/111c歲出機關別預算總表.xls
111,2022,調整軍公教人員待遇準備,13653194,千元,legal,https://ws.dgbas.gov.tw/public/data/dgbas01/111/111ctab/111c歲出機關別預算總表.xls
112,2023,總統府,14801874,千元,legal,https://ws.dgbas.gov.tw/public/data/dgbas01/112/112ctab/112c歲出機關別預算總表.xls
112,2023,行政院,29767032,千元,legal,https://ws.dgbas.gov.tw/public/data/dgbas01/112/112ctab/112c歲出機關別預算總表.xls
112,2023,立法院,3606283,千元,legal,https://ws.dgbas.gov.tw/public/data/dgbas01/112/112ctab/112c歲出機關別預算總表.xls
112,2023,司法院,26015848,千元,legal,https://ws.dgbas.gov.tw/public/data/dgbas01/112/112ctab/112c歲出機關別預算總表.xls
112,2023,考試院,27506833,千元,legal,https://ws.dgbas.gov.tw/public/data/dgbas01/112/112ctab/112c歲出機關別預算總表.xls
112,2023,監察院,2660224,千元,legal,https://ws.dgbas.gov.tw/public/data/dgbas01/112/112ctab/112c歲出機關別預算總表.xls
112,2023,內政部,125386615,千元,legal,https://ws.dgbas.gov.tw/public/data/dgbas01/112/112ctab/112c歲出機關別預算總表.xls
112,2023,外交部,31356740,千元,legal,https://ws.dgbas.gov.tw/public/data/dgbas01/112/112ctab/112c歲出機關別預算總表.xls
112,2023,國防部,409200867,千元,legal,https://ws.dgbas.gov.tw/public/data/dgbas01/112/112ctab/112c歲出機關別預算總表.xls
112,2023,財政部,177512022,千元,legal,https://ws.dgbas.gov.tw/public/data/dgbas01/112/112ctab/112c歲出機關別預算總表.xls
112,2023,教育部,289782822,千元,legal,https://ws.dgbas.gov.tw/public/data/dgbas01/112/112ctab/112c歲出機關別預算總表.xls
112,2023,法務部,40264990,千元,legal,https://ws.dgbas.gov.tw/public/data/dgbas01/112/112ctab/112c歲出機關別預算總表.xls
112,2023,經濟部,213897662,千元,legal,https://ws.dgbas.gov.tw/public/data/dgbas01/112/112ctab/112c歲出機關別預算總表.xls
112,2023,交通部,103365404,千元,legal,https://ws.dgbas.gov.tw/public/data/dgbas01/112/112ctab/112c歲出機關別預算總表.xls
112,2023,勞動部,199885823,千元,legal,https://ws.dgbas.gov.tw/public/data/dgbas01/112/112ctab/112c歲出機關別預算總表.xls
112,2023,僑務委員會,1695907,千元,legal,https://ws.dgbas.gov.tw/public/data/dgbas01/112/112ctab/112c歲出機關別預算總表.xls
112,2023,原子能委員會,2793272,千元,legal,https://ws.dgbas.gov.tw/public/data/dgbas01/112/112ctab/112c歲出機關別預算總表.xls
112,2023,農業委員會,150665070,千元,legal,https://ws.dgbas.gov.tw/public/data/dgbas01/112/112ctab/112c歲出機關別預算總表.xls
112,2023,衛生福利部,367998195,千元,legal,https://ws.dgbas.gov.tw/public/data/dgbas01/112/112ctab/112c歲出機關別預算總表.xls
112,2023,環境保護署,8889656,千元,legal,https://ws.dgbas.gov.tw/public/data/dgbas01/112/112ctab/112c歲出機關別預算總表.xls
112,2023,文化部,20425615,千元,legal,https://ws.dgbas.gov.tw/public/data/dgbas01/112/112ctab/112c歲出機關別預算總表.xls
112,2023,數位發展部,5561048,千元,legal,https://ws.dgbas.gov.tw/public/data/dgbas01/112/112ctab/112c歲出機關別預算總表.xls
112,2023,國家科學及技術委員會,51485351,千元,legal,https://ws.dgbas.gov.tw/public/data/dgbas01/112/112ctab/112c歲出機關別預算總表.xls
112,2023,金融監督管理委員會,1644383,千元,legal,https://ws.dgbas.gov.tw/public/data/dgbas01/112/112ctab/112c歲出機關別預算總表.xls
112,2023,海洋委員會,28777689,千元,legal,https://ws.dgbas.gov.tw/public/data/dgbas01/112/112ctab/112c歲出機關別預算總表.xls
112,2023,國軍退除役官兵輔導委員會,127128122,千元,legal,https://ws.dgbas.gov.tw/public/data/dgbas01/112/112ctab/112c歲出機關別預算總表.xls
112,2023,直轄市及縣市政府,214622510,千元,legal,https://ws.dgbas.gov.tw/public/data/dgbas01/112/112ctab/112c歲出機關別預算總表.xls
112,2023,災害準備金,5000000,千元,legal,https://ws.dgbas.gov.tw/public/data/dgbas01/112/112ctab/112c歲出機關別預算總表.xls
112,2023,第二預備金,7400000,千元,legal,https://ws.dgbas.gov.tw/public/data/dgbas01/112/112ctab/112c歲出機關別預算總表.xls
113,2024,總統府,15180907,千元,legal,https://ws.dgbas.gov.tw/001/Upload/461/relfile/11333/232850/C歲出機關別預算總表.xlsx
113,2024,行政院,34458568,千元,legal,https://ws.dgbas.gov.tw/001/Upload/461/relfile/11333/232850/C歲出機關別預算總表.xlsx
113,2024,立法院,3647133,千元,legal,https://ws.dgbas.gov.tw/001/Upload/461/relfile/11333/232850/C歲出機關別預算總表.xlsx
113,2024,司法院,27269273,千元,legal,https://ws.dgbas.gov.tw/001/Upload/461/relfile/11333/232850/C歲出機關別預算總表.xlsx
113,2024,考試院,33147915,千元,legal,https://ws.dgbas.gov.tw/001/Upload/461/relfile/11333/232850/C歲出機關別預算總表.xlsx
113,2024,監察院,2708729,千元,legal,https://ws.dgbas.gov.tw/001/Upload/461/relfile/11333/232850/C歲出機關別預算總表.xlsx
113,2024,內政部,111466771,千元,legal,https://ws.dgbas.gov.tw/001/Upload/461/relfile/11333/232850/C歲出機關別預算總表.xlsx
113,2024,外交部,31141089,千元,legal,https://ws.dgbas.gov.tw/001/Upload/461/relfile/11333/232850/C歲出機關別預算總表.xlsx
113,2024,國防部,434480885,千元,legal,https://ws.dgbas.gov.tw/001/Upload/461/relfile/11333/232850/C歲出機關別預算總表.xlsx
113,2024,財政部,176394637,千元,legal,https://ws.dgbas.gov.tw/001/Upload/461/relfile/11333/232850/C歲出機關別預算總表.xlsx
113,2024,教育部,334493951,千元,legal,https://ws.dgbas.gov.tw/001/Upload/461/relfile/11333/232850/C歲出機關別預算總表.xlsx
113,2024,法務部,43593912,千元,legal,https://ws.dgbas.gov.tw/001/Upload/461/relfile/11333/232850/C歲出機關別預算總表.xlsx
113,2024,經濟部,181893244,千元,legal,https://ws.dgbas.gov.tw/001/Upload/461/relfile/11333/232850/C歲出機關別預算總表.xlsx
113,2024,交通部,119050213,千元,legal,https://ws.dgbas.gov.tw/001/Upload/461/relfile/11333/232850/C歲出機關別預算總表.xlsx
113,2024,勞動部,286924652,千元,legal,https://ws.dgbas.gov.tw/001/Upload/461/relfile/11333/232850/C歲出機關別預算總表.xlsx
113,2024,農業部,160929793,千元,legal,https://ws.dgbas.gov.tw/001/Upload/461/relfile/11333/232850/C歲出機關別預算總表.xlsx
113,2024,衛生福利部,338396178,千元,legal,https://ws.dgbas.gov.tw/001/Upload/461/relfile/11333/232850/C歲出機關別預算總表.xlsx
113,2024,環境部,7797392,千元,legal,https://ws.dgbas.gov.tw/001/Upload/461/relfile/11333/232850/C歲出機關別預算總表.xlsx
113,2024,文化部,25918353,千元,legal,https://ws.dgbas.gov.tw/001/Upload/461/relfile/11333/232850/C歲出機關別預算總表.xlsx
113,2024,數位發展部,7101300,千元,legal,https://ws.dgbas.gov.tw/001/Upload/461/relfile/11333/232850/C歲出機關別預算總表.xlsx
113,2024,僑務委員會,1771468,千元,legal,https://ws.dgbas.gov.tw/001/Upload/461/relfile/11333/232850/C歲出機關別預算總表.xlsx
113,2024,國家科學及技術委員會,58276932,千元,legal,https://ws.dgbas.gov.tw/001/Upload/461/relfile/11333/232850/C歲出機關別預算總表.xlsx
113,2024,金融監督管理委員會,1635916,千元,legal,https://ws.dgbas.gov.tw/001/Upload/461/relfile/11333/232850/C歲出機關別預算總表.xlsx
113,2024,海洋委員會,28148821,千元,legal,https://ws.dgbas.gov.tw/001/Upload/461/relfile/11333/232850/C歲出機關別預算總表.xlsx
113,2024,國軍退除役官兵輔導委員會,129027580,千元,legal,https://ws.dgbas.gov.tw/001/Upload/461/relfile/11333/232850/C歲出機關別預算總表.xlsx
113,2024,直轄市及縣市政府,230252728,千元,legal,https://ws.dgbas.gov.tw/001/Upload/461/relfile/11333/232850/C歲出機關別預算總表.xlsx
113,2024,調整軍公教人員待遇準備,17347534,千元,legal,https://ws.dgbas.gov.tw/001/Upload/461/relfile/11333/232850/C歲出機關別預算總表.xlsx
113,2024,災害準備金,2000000,千元,legal,https://ws.dgbas.gov.tw/001/Upload/461/relfile/11333/232850/C歲出機關別預算總表.xlsx
113,2024,第二預備金,7400000,千元,legal,https://ws.dgbas.gov.tw/001/Upload/461/relfile/11333/232850/C歲出機關別預算總表.xlsx
114,2025,總統府,15676552,千元,legal,https://ws.dgbas.gov.tw/001/Upload/461/relfile/11333/234914/C歲出機關別預算總表.xlsx
114,2025,行政院,36232802,千元,legal,https://ws.dgbas.gov.tw/001/Upload/461/relfile/11333/234914/C歲出機關別預算總表.xlsx
114,2025,立法院,3696140,千元,legal,https://ws.dgbas.gov.tw/001/Upload/461/relfile/11333/234914/C歲出機關別預算總表.xlsx
114,2025,司法院,28888355,千元,legal,https://ws.dgbas.gov.tw/001/Upload/461/relfile/11333/234914/C歲出機關別預算總表.xlsx
114,2025,考試院,40700840,千元,legal,https://ws.dgbas.gov.tw/001/Upload/461/relfile/11333/234914/C歲出機關別預算總表.xlsx
114,2025,監察院,2621352,千元,legal,https://ws.dgbas.gov.tw/001/Upload/461/relfile/11333/234914/C歲出機關別預算總表.xlsx
114,2025,內政部,147693298,千元,legal,https://ws.dgbas.gov.tw/001/Upload/461/relfile/11333/234914/C歲出機關別預算總表.xlsx
114,2025,外交部,30587122,千元,legal,https://ws.dgbas.gov.tw/001/Upload/461/relfile/11333/234914/C歲出機關別預算總表.xlsx
114,2025,國防部,467596490,千元,legal,https://ws.dgbas.gov.tw/001/Upload/461/relfile/11333/234914/C歲出機關別預算總表.xlsx
114,2025,財政部,169950196,千元,legal,https://ws.dgbas.gov.tw/001/Upload/461/relfile/11333/234914/C歲出機關別預算總表.xlsx
114,2025,教育部,360575913,千元,legal,https://ws.dgbas.gov.tw/001/Upload/461/relfile/11333/234914/C歲出機關別預算總表.xlsx
114,2025,法務部,44825660,千元,legal,https://ws.dgbas.gov.tw/001/Upload/461/relfile/11333/234914/C歲出機關別預算總表.xlsx
114,2025,經濟部,109685935,千元,legal,https://ws.dgbas.gov.tw/001/Upload/461/relfile/11333/234914/C歲出機關別預算總表.xlsx
114,2025,交通部,151843543,千元,legal,https://ws.dgbas.gov.tw/001/Upload/461/relfile/11333/234914/C歲出機關別預算總表.xlsx
114,2025,勞動部,292681060,千元,legal,https://ws.dgbas.gov.tw/001/Upload/461/relfile/11333/234914/C歲出機關別預算總表.xlsx
114,2025,農業部,167239685,千元,legal,https://ws.dgbas.gov.tw/001/Upload/461/relfile/11333/234914/C歲出機關別預算總表.xlsx
114,2025,衛生福利部,369065915,千元,legal,https://ws.dgbas.gov.tw/001/Upload/461/relfile/11333/234914/C歲出機關別預算總表.xlsx
114,2025,環境部,7439972,千元,legal,https://ws.dgbas.gov.tw/001/Upload/461/relfile/11333/234914/C歲出機關別預算總表.xlsx
114,2025,文化部,27904821,千元,legal,https://ws.dgbas.gov.tw/001/Upload/461/relfile/11333/234914/C歲出機關別預算總表.xlsx
114,2025,數位發展部,5077344,千元,legal,https://ws.dgbas.gov.tw/001/Upload/461/relfile/11333/234914/C歲出機關別預算總表.xlsx
114,2025,僑務委員會,1982680,千元,legal,https://ws.dgbas.gov.tw/001/Upload/461/relfile/11333/234914/C歲出機關別預算總表.xlsx
114,2025,國家科學及技術委員會,68489701,千元,legal,https://ws.dgbas.gov.tw/001/Upload/461/relfile/11333/234914/C歲出機關別預算總表.xlsx
114,2025,金融監督管理委員會,1700610,千元,legal,https://ws.dgbas.gov.tw/001/Upload/461/relfile/11333/234914/C歲出機關別預算總表.xlsx
114,2025,海洋委員會,32458033,千元,legal,https://ws.dgbas.gov.tw/001/Upload/461/relfile/11333/234914/C歲出機關別預算總表.xlsx
114,2025,國軍退除役官兵輔導委員會,130914222,千元,legal,https://ws.dgbas.gov.tw/001/Upload/461/relfile/11333/234914/C歲出機關別預算總表.xlsx
114,2025,直轄市及縣市政府,186507243,千元,legal,https://ws.dgbas.gov.tw/001/Upload/461/relfile/11333/234914/C歲出機關別預算總表.xlsx
114,2025,調整軍公教人員待遇準備,9931079,千元,legal,https://ws.dgbas.gov.tw/001/Upload/461/relfile/11333/234914/C歲出機關別預算總表.xlsx
114,2025,災害準備金,5000000,千元,legal,https://ws.dgbas.gov.tw/001/Upload/461/relfile/11333/234914/C歲出機關別預算總表.xlsx
114,2025,第二預備金,8000000,千元,legal,https://ws.dgbas.gov.tw/001/Upload/461/relfile/11333/234914/C歲出機關別預算總表.xlsx
115,2026,總統府,17221073,千元,proposed,https://ws.dgbas.gov.tw/001/Upload/461/relfile/11333/235176/b歲出機關別預算總表.xlsx
115,2026,行政院,37308081,千元,proposed,https://ws.dgbas.gov.tw/001/Upload/461/relfile/11333/235176/b歲出機關別預算總表.xlsx
115,2026,立法院,3876968,千元,proposed,https://ws.dgbas.gov.tw/001/Upload/461/relfile/11333/235176/b歲出機關別預算總表.xlsx
115,2026,司法院,33060058,千元,proposed,https://ws.dgbas.gov.tw/001/Upload/461/relfile/11333/235176/b歲出機關別預算總表.xlsx
115,2026,考試院,41874736,千元,proposed,https://ws.dgbas.gov.tw/001/Upload/461/relfile/11333/235176/b歲出機關別預算總表.xlsx
115,2026,監察院,3048634,千元,proposed,https://ws.dgbas.gov.tw/001/Upload/461/relfile/11333/235176/b歲出機關別預算總表.xlsx
115,2026,內政部,118730608,千元,proposed,https://ws.dgbas.gov.tw/001/Upload/461/relfile/11333/235176/b歲出機關別預算總表.xlsx
115,2026,外交部,41503205,千元,proposed,https://ws.dgbas.gov.tw/001/Upload/461/relfile/11333/235176/b歲出機關別預算總表.xlsx
115,2026,國防部,561362726,千元,proposed,https://ws.dgbas.gov.tw/001/Upload/461/relfile/11333/235176/b歲出機關別預算總表.xlsx
115,2026,財政部,168935840,千元,proposed,https://ws.dgbas.gov.tw/001/Upload/461/relfile/11333/235176/b歲出機關別預算總表.xlsx
115,2026,教育部,265920066,千元,proposed,https://ws.dgbas.gov.tw/001/Upload/461/relfile/11333/235176/b歲出機關別預算總表.xlsx
115,2026,法務部,50803654,千元,proposed,https://ws.dgbas.gov.tw/001/Upload/461/relfile/11333/235176/b歲出機關別預算總表.xlsx
115,2026,經濟部,148027565,千元,proposed,https://ws.dgbas.gov.tw/001/Upload/461/relfile/11333/235176/b歲出機關別預算總表.xlsx
115,2026,交通部,153908626,千元,proposed,https://ws.dgbas.gov.tw/001/Upload/461/relfile/11333/235176/b歲出機關別預算總表.xlsx
115,2026,勞動部,297073348,千元,proposed,https://ws.dgbas.gov.tw/001/Upload/461/relfile/11333/235176/b歲出機關別預算總表.xlsx
115,2026,農業部,172184687,千元,proposed,https://ws.dgbas.gov.tw/001/Upload/461/relfile/11333/235176/b歲出機關別預算總表.xlsx
115,2026,衛生福利部,355672659,千元,proposed,https://ws.dgbas.gov.tw/001/Upload/461/relfile/11333/235176/b歲出機關別預算總表.xlsx
115,2026,運動部,6644466,千元,proposed,https://ws.dgbas.gov.tw/001/Upload/461/relfile/11333/235176/b歲出機關別預算總表.xlsx
115,2026,環境部,6693732,千元,proposed,https://ws.dgbas.gov.tw/001/Upload/461/relfile/11333/235176/b歲出機關別預算總表.xlsx
115,2026,文化部,27256766,千元,proposed,https://ws.dgbas.gov.tw/001/Upload/461/relfile/11333/235176/b歲出機關別預算總表.xlsx
115,2026,數位發展部,10404518,千元,proposed,https://ws.dgbas.gov.tw/001/Upload/461/relfile/11333/235176/b歲出機關別預算總表.xlsx
115,2026,僑務委員會,2642520,千元,proposed,https://ws.dgbas.gov.tw/001/Upload/461/relfile/11333/235176/b歲出機關別預算總表.xlsx
115,2026,國家科學及技術委員會,79367537,千元,proposed,https://ws.dgbas.gov.tw/001/Upload/461/relfile/11333/235176/b歲出機關別預算總表.xlsx
115,2026,金融監督管理委員會,1824729,千元,proposed,https://ws.dgbas.gov.tw/001/Upload/461/relfile/11333/235176/b歲出機關別預算總表.xlsx
115,2026,海洋委員會,33954065,千元,proposed,https://ws.dgbas.gov.tw/001/Upload/461/relfile/11333/235176/b歲出機關別預算總表.xlsx
115,2026,國軍退除役官兵輔導委員會,132560714,千元,proposed,https://ws.dgbas.gov.tw/001/Upload/461/relfile/11333/235176/b歲出機關別預算總表.xlsx
115,2026,直轄市及縣市政府,250112790,千元,proposed,https://ws.dgbas.gov.tw/001/Upload/461/relfile/11333/235176/b歲出機關別預算總表.xlsx
115,2026,災害準備金,5000000,千元,proposed,https://ws.dgbas.gov.tw/001/Upload/461/relfile/11333/235176/b歲出機關別預算總表.xlsx
115,2026,第二預備金,8000000,千元,proposed,https://ws.dgbas.gov.tw/001/Upload/461/relfile/11333/235176/b歲出機關別預算總表.xlsx
